<?xml version='1.0' encoding='UTF-8'?>
<types:mule xmlns:types="http://www.mulesoft.org/schema/mule/types">
  <types:catalog>
    <types:type name="auto_8ead1a89-395f-485d-a022-43572ebf8d45_Input-Payload" format="json">
      <types:shape format="weave" example="weave/autogenerated/8ead1a89-395f-485d-a022-43572ebf8d45/Input-Payload.wev" autogeneratedOrigin="ba837a9e-2504-4e99-bd9c-3e145e7841cc"><![CDATA[%dw 2.0

type auto_8ead1a89_395f_485d_a022_43572ebf8d45_Input_Payload = Any

]]></types:shape>
    </types:type>
    <types:type name="auto_8ead1a89-395f-485d-a022-43572ebf8d45_Input-Attributes" format="java">
      <types:shape format="weave" example="weave/autogenerated/8ead1a89-395f-485d-a022-43572ebf8d45/Input-Attributes.wev" autogeneratedOrigin="ba837a9e-2504-4e99-bd9c-3e145e7841cc"><![CDATA[%dw 2.0

type auto_8ead1a89_395f_485d_a022_43572ebf8d45_Input_Attributes = {|
  listenerPath: String, 
  rawRequestPath: String, 
  relativePath: String, 
  maskedRequestPath: String, 
  version: String, 
  scheme: String, 
  method: String, 
  requestUri: String, 
  rawRequestUri: String, 
  queryString: String, 
  localAddress: String, 
  remoteAddress: String, 
  clientCertificate?: java_security_cert_Certificate, 
  queryParams: { _?: String }, 
  uriParams: { _?: String }, 
  requestPath: String, 
  headers: { _?: String }
|} {"typeAlias": "HttpRequestAttributes",
"typeId": "org.mule.extension.http.api.HttpRequestAttributes"}
type java_security_cert_Certificate = {|
  encoded?: Binary, 
  publicKey?: java_security_PublicKey, 
  "type"?: String
|} {"typeAlias": "Certificate",
"typeId": "java.security.cert.Certificate"}
type java_security_PublicKey = {|  |} {"typeAlias": "PublicKey",
"typeId": "java.security.PublicKey"}





]]></types:shape>
    </types:type>
    <types:type name="auto_8ead1a89-395f-485d-a022-43572ebf8d45_Input-Variables-homePath" format="json">
      <types:shape format="weave" example="weave/autogenerated/8ead1a89-395f-485d-a022-43572ebf8d45/Input-Variables-homePath.wev" autogeneratedOrigin="ba837a9e-2504-4e99-bd9c-3e145e7841cc"><![CDATA[%dw 2.0

type auto_8ead1a89_395f_485d_a022_43572ebf8d45_Input_Variables_homePath = String

]]></types:shape>
    </types:type>
    <types:type name="auto_8ead1a89-395f-485d-a022-43572ebf8d45_Input-Variables-tempQueryParams" format="json">
      <types:shape format="weave" example="weave/autogenerated/8ead1a89-395f-485d-a022-43572ebf8d45/Input-Variables-tempQueryParams.wev" autogeneratedOrigin="ba837a9e-2504-4e99-bd9c-3e145e7841cc"><![CDATA[%dw 2.0

type auto_8ead1a89_395f_485d_a022_43572ebf8d45_Input_Variables_tempQueryParams = { _?: String }

]]></types:shape>
    </types:type>
    <types:type name="auto_8ead1a89-395f-485d-a022-43572ebf8d45_Output-Payload" format="java">
      <types:shape format="raml" autogeneratedOrigin="ba837a9e-2504-4e99-bd9c-3e145e7841cc"><![CDATA[#%RAML 1.0 DataType
type: string]]></types:shape>
    </types:type>
    <types:type name="auto_8ead1a89-395f-485d-a022-43572ebf8d45_Output-Attributes" format="java">
      <types:shape format="weave" example="weave/autogenerated/8ead1a89-395f-485d-a022-43572ebf8d45/Output-Attributes.wev" autogeneratedOrigin="ba837a9e-2504-4e99-bd9c-3e145e7841cc"><![CDATA[%dw 2.0

type auto_8ead1a89_395f_485d_a022_43572ebf8d45_Output_Attributes = {|
  listenerPath: String, 
  rawRequestPath: String, 
  relativePath: String, 
  maskedRequestPath: String, 
  version: String, 
  scheme: String, 
  method: String, 
  requestUri: String, 
  rawRequestUri: String, 
  queryString: String, 
  localAddress: String, 
  remoteAddress: String, 
  clientCertificate?: java_security_cert_Certificate, 
  queryParams: { _?: String }, 
  uriParams: { _?: String }, 
  requestPath: String, 
  headers: { _?: String }
|} {"typeAlias": "HttpRequestAttributes",
"typeId": "org.mule.extension.http.api.HttpRequestAttributes"}
type java_security_cert_Certificate = {|
  encoded?: Binary, 
  publicKey?: java_security_PublicKey, 
  "type"?: String
|} {"typeAlias": "Certificate",
"typeId": "java.security.cert.Certificate"}
type java_security_PublicKey = {|  |} {"typeAlias": "PublicKey",
"typeId": "java.security.PublicKey"}





]]></types:shape>
    </types:type>
    <types:type name="auto_8ead1a89-395f-485d-a022-43572ebf8d45_Output-Variables-appStatusResponse" format="xml">
      <types:shape format="weave" element="auto_8ead1a89-395f-485d-a022-43572ebf8d45_Output-Variables-appStatusResponse" location="weave/autogenerated/8ead1a89-395f-485d-a022-43572ebf8d45/Output-Variables-appStatusResponse.wev" autogeneratedOrigin="ba837a9e-2504-4e99-bd9c-3e145e7841cc"><![CDATA[%dw 2.0

type auto_8ead1a89_395f_485d_a022_43572ebf8d45_Output_Variables_appStatusResponse = {| table @(class: String {"MetadataFormat": "xml"}): {| tr*: {| th*: "Application Name" | "Status" |} | Null |} |}

]]></types:shape>
    </types:type>
    <types:type name="auto_8ead1a89-395f-485d-a022-43572ebf8d45_Output-Variables-homePath" format="json">
      <types:shape format="weave" example="weave/autogenerated/8ead1a89-395f-485d-a022-43572ebf8d45/Output-Variables-homePath.wev" autogeneratedOrigin="ba837a9e-2504-4e99-bd9c-3e145e7841cc"><![CDATA[%dw 2.0

type auto_8ead1a89_395f_485d_a022_43572ebf8d45_Output_Variables_homePath = String

]]></types:shape>
    </types:type>
    <types:type name="auto_8ead1a89-395f-485d-a022-43572ebf8d45_Output-Variables-tempQueryParams" format="json">
      <types:shape format="weave" example="weave/autogenerated/8ead1a89-395f-485d-a022-43572ebf8d45/Output-Variables-tempQueryParams.wev" autogeneratedOrigin="ba837a9e-2504-4e99-bd9c-3e145e7841cc"><![CDATA[%dw 2.0

type auto_8ead1a89_395f_485d_a022_43572ebf8d45_Output_Variables_tempQueryParams = { _?: String }

]]></types:shape>
    </types:type>
    <types:type name="auto_b6bf95b7-5ac0-4fa4-8e29-f5239b5a528d_Input-Payload" format="json">
      <types:shape format="weave" example="weave/autogenerated/b6bf95b7-5ac0-4fa4-8e29-f5239b5a528d/Input-Payload.wev" autogeneratedOrigin="5160996b-198a-4c85-b327-cd1c4e9552d4"><![CDATA[%dw 2.0

type auto_b6bf95b7_5ac0_4fa4_8e29_f5239b5a528d_Input_Payload = Any

]]></types:shape>
    </types:type>
    <types:type name="auto_b6bf95b7-5ac0-4fa4-8e29-f5239b5a528d_Input-Attributes" format="java">
      <types:shape format="weave" example="weave/autogenerated/b6bf95b7-5ac0-4fa4-8e29-f5239b5a528d/Input-Attributes.wev" autogeneratedOrigin="5160996b-198a-4c85-b327-cd1c4e9552d4"><![CDATA[%dw 2.0

type auto_b6bf95b7_5ac0_4fa4_8e29_f5239b5a528d_Input_Attributes = {|
  listenerPath: String, 
  rawRequestPath: String, 
  relativePath: String, 
  maskedRequestPath: String, 
  version: String, 
  scheme: String, 
  method: String, 
  requestUri: String, 
  rawRequestUri: String, 
  queryString: String, 
  localAddress: String, 
  remoteAddress: String, 
  clientCertificate?: java_security_cert_Certificate, 
  queryParams: { _?: String }, 
  uriParams: { _?: String }, 
  requestPath: String, 
  headers: { _?: String }
|} {"typeAlias": "HttpRequestAttributes",
"typeId": "org.mule.extension.http.api.HttpRequestAttributes"}
type java_security_cert_Certificate = {|
  encoded?: Binary, 
  publicKey?: java_security_PublicKey, 
  "type"?: String
|} {"typeAlias": "Certificate",
"typeId": "java.security.cert.Certificate"}
type java_security_PublicKey = {|  |} {"typeAlias": "PublicKey",
"typeId": "java.security.PublicKey"}





]]></types:shape>
    </types:type>
    <types:type name="auto_b6bf95b7-5ac0-4fa4-8e29-f5239b5a528d_Input-Variables-homePath" format="json">
      <types:shape format="weave" example="weave/autogenerated/b6bf95b7-5ac0-4fa4-8e29-f5239b5a528d/Input-Variables-homePath.wev" autogeneratedOrigin="5160996b-198a-4c85-b327-cd1c4e9552d4"><![CDATA[%dw 2.0

type auto_b6bf95b7_5ac0_4fa4_8e29_f5239b5a528d_Input_Variables_homePath = String

]]></types:shape>
    </types:type>
    <types:type name="auto_b6bf95b7-5ac0-4fa4-8e29-f5239b5a528d_Input-Variables-tempQueryParams" format="json">
      <types:shape format="weave" example="weave/autogenerated/b6bf95b7-5ac0-4fa4-8e29-f5239b5a528d/Input-Variables-tempQueryParams.wev" autogeneratedOrigin="5160996b-198a-4c85-b327-cd1c4e9552d4"><![CDATA[%dw 2.0

type auto_b6bf95b7_5ac0_4fa4_8e29_f5239b5a528d_Input_Variables_tempQueryParams = { _?: String }

]]></types:shape>
    </types:type>
    <types:type name="auto_b6bf95b7-5ac0-4fa4-8e29-f5239b5a528d_Output-Payload" format="json">
      <types:shape format="weave" example="weave/autogenerated/b6bf95b7-5ac0-4fa4-8e29-f5239b5a528d/Output-Payload.wev" autogeneratedOrigin="5160996b-198a-4c85-b327-cd1c4e9552d4"><![CDATA[%dw 2.0

type auto_b6bf95b7_5ac0_4fa4_8e29_f5239b5a528d_Output_Payload = Any

]]></types:shape>
    </types:type>
    <types:type name="auto_b6bf95b7-5ac0-4fa4-8e29-f5239b5a528d_Output-Attributes" format="java">
      <types:shape format="weave" example="weave/autogenerated/b6bf95b7-5ac0-4fa4-8e29-f5239b5a528d/Output-Attributes.wev" autogeneratedOrigin="5160996b-198a-4c85-b327-cd1c4e9552d4"><![CDATA[%dw 2.0

type auto_b6bf95b7_5ac0_4fa4_8e29_f5239b5a528d_Output_Attributes = {|
  listenerPath: String, 
  rawRequestPath: String, 
  relativePath: String, 
  maskedRequestPath: String, 
  version: String, 
  scheme: String, 
  method: String, 
  requestUri: String, 
  rawRequestUri: String, 
  queryString: String, 
  localAddress: String, 
  remoteAddress: String, 
  clientCertificate?: java_security_cert_Certificate, 
  queryParams: { _?: String }, 
  uriParams: { _?: String }, 
  requestPath: String, 
  headers: { _?: String }
|} {"typeAlias": "HttpRequestAttributes",
"typeId": "org.mule.extension.http.api.HttpRequestAttributes"}
type java_security_cert_Certificate = {|
  encoded?: Binary, 
  publicKey?: java_security_PublicKey, 
  "type"?: String
|} {"typeAlias": "Certificate",
"typeId": "java.security.cert.Certificate"}
type java_security_PublicKey = {|  |} {"typeAlias": "PublicKey",
"typeId": "java.security.PublicKey"}





]]></types:shape>
    </types:type>
    <types:type name="auto_b6bf95b7-5ac0-4fa4-8e29-f5239b5a528d_Output-Variables-homePath" format="json">
      <types:shape format="weave" example="weave/autogenerated/b6bf95b7-5ac0-4fa4-8e29-f5239b5a528d/Output-Variables-homePath.wev" autogeneratedOrigin="5160996b-198a-4c85-b327-cd1c4e9552d4"><![CDATA[%dw 2.0

type auto_b6bf95b7_5ac0_4fa4_8e29_f5239b5a528d_Output_Variables_homePath = String

]]></types:shape>
    </types:type>
    <types:type name="auto_b6bf95b7-5ac0-4fa4-8e29-f5239b5a528d_Output-Variables-tempQueryParams" format="json">
      <types:shape format="weave" example="weave/autogenerated/b6bf95b7-5ac0-4fa4-8e29-f5239b5a528d/Output-Variables-tempQueryParams.wev" autogeneratedOrigin="5160996b-198a-4c85-b327-cd1c4e9552d4"><![CDATA[%dw 2.0

type auto_b6bf95b7_5ac0_4fa4_8e29_f5239b5a528d_Output_Variables_tempQueryParams = { _?: String }

]]></types:shape>
    </types:type>
  </types:catalog>
  <types:enrichment select="#8ead1a89-395f-485d-a022-43572ebf8d45">
    <types:processor-declaration>
      <types:input-event>
        <types:message>
          <types:payload type="auto_8ead1a89-395f-485d-a022-43572ebf8d45_Input-Payload"/>
          <types:attributes type="auto_8ead1a89-395f-485d-a022-43572ebf8d45_Input-Attributes"/>
        </types:message>
        <types:variables>
          <types:variable name="homePath" type="auto_8ead1a89-395f-485d-a022-43572ebf8d45_Input-Variables-homePath"/>
          <types:variable name="tempQueryParams" type="auto_8ead1a89-395f-485d-a022-43572ebf8d45_Input-Variables-tempQueryParams"/>
        </types:variables>
      </types:input-event>
      <types:output-event>
        <types:message>
          <types:payload type="auto_8ead1a89-395f-485d-a022-43572ebf8d45_Output-Payload"/>
          <types:attributes type="auto_8ead1a89-395f-485d-a022-43572ebf8d45_Output-Attributes"/>
        </types:message>
        <types:variables>
          <types:variable name="appStatusResponse" type="auto_8ead1a89-395f-485d-a022-43572ebf8d45_Output-Variables-appStatusResponse"/>
          <types:variable name="homePath" type="auto_8ead1a89-395f-485d-a022-43572ebf8d45_Output-Variables-homePath"/>
          <types:variable name="tempQueryParams" type="auto_8ead1a89-395f-485d-a022-43572ebf8d45_Output-Variables-tempQueryParams"/>
        </types:variables>
      </types:output-event>
    </types:processor-declaration>
  </types:enrichment>
  <types:enrichment select="#b6bf95b7-5ac0-4fa4-8e29-f5239b5a528d">
    <types:processor-declaration>
      <types:input-event>
        <types:message>
          <types:payload type="auto_b6bf95b7-5ac0-4fa4-8e29-f5239b5a528d_Input-Payload"/>
          <types:attributes type="auto_b6bf95b7-5ac0-4fa4-8e29-f5239b5a528d_Input-Attributes"/>
        </types:message>
        <types:variables>
          <types:variable name="homePath" type="auto_b6bf95b7-5ac0-4fa4-8e29-f5239b5a528d_Input-Variables-homePath"/>
          <types:variable name="tempQueryParams" type="auto_b6bf95b7-5ac0-4fa4-8e29-f5239b5a528d_Input-Variables-tempQueryParams"/>
        </types:variables>
      </types:input-event>
      <types:output-event>
        <types:message>
          <types:payload type="auto_b6bf95b7-5ac0-4fa4-8e29-f5239b5a528d_Output-Payload"/>
          <types:attributes type="auto_b6bf95b7-5ac0-4fa4-8e29-f5239b5a528d_Output-Attributes"/>
        </types:message>
        <types:variables>
          <types:variable name="homePath" type="auto_b6bf95b7-5ac0-4fa4-8e29-f5239b5a528d_Output-Variables-homePath"/>
          <types:variable name="tempQueryParams" type="auto_b6bf95b7-5ac0-4fa4-8e29-f5239b5a528d_Output-Variables-tempQueryParams"/>
        </types:variables>
      </types:output-event>
    </types:processor-declaration>
  </types:enrichment>
</types:mule>